Published Date,Sentiment Score
2023/05/17,0.8285607099533081
2022/01/20,0.650977373123169
2024/12/31,0.8883861899375916
2024/02/16,-0.681601345539093
2020/04/30,0.031520210206508636
2024/01/07,-0.26885300874710083
2020/06/07,-0.8061859011650085
2024/04/24,-0.8103514909744263
2020/05/09,0.8148713707923889
2020/05/11,0.893612802028656
2023/05/06,-0.7899702787399292
2021/07/16,0.8422006368637085
2020/06/05,0.7788150310516357
2021/01/01,0.03300609439611435
2023/08/24,0.4486925005912781
2021/12/31,0.8006806373596191
2020/02/11,0.27878108620643616
2022/01/07,-0.6293871402740479
2024/02/25,-0.9122641682624817
2022/08/30,-0.6907931566238403
2020/09/09,0.8235195875167847
2023/09/09,-0.6497417688369751
2023/04/23,0.8779652714729309
2024/02/14,-0.5106858015060425
2022/03/10,0.9014703631401062
2024/10/22,0.017582420259714127
2023/03/21,0.6847847104072571
2021/10/26,0.3582337200641632
2021/03/10,0.696230411529541
2024/10/17,-0.698251485824585
2023/04/12,0.7823977470397949
2021/01/27,0.6831570267677307
2021/11/29,0.8550575375556946
2020/05/06,0.5545614361763
2024/11/05,0.8659752607345581
2024/12/13,0.8959868550300598
2023/04/05,0.8812011480331421
2022/03/14,0.06743356585502625
2020/01/20,0.00819326750934124
2022/12/23,0.8860931992530823
2022/02/28,0.6343256831169128
2021/07/22,0.7656316757202148
2024/03/06,0.8024507164955139
2022/09/05,0.760365903377533
2022/03/22,0.7777546048164368
2024/07/19,-0.8541834354400635
2024/05/21,0.919659435749054
2020/09/11,0.9069969654083252
2023/07/18,0.9167920351028442
2022/09/15,-0.0958506166934967
2024/09/28,0.06619775295257568
2020/10/03,-0.5628232955932617
2022/09/29,0.8972558379173279
2020/05/16,0.5880450010299683
2023/04/10,0.6173267364501953
2022/11/30,0.47519415616989136
2023/03/26,0.16987812519073486
2020/01/14,0.7947025895118713
2023/07/19,0.5145830512046814
2021/01/05,0.8981491327285767
2023/09/08,-0.8507965803146362
2024/04/02,0.715920090675354
2022/12/30,0.7922848463058472
2024/10/24,-0.7842954993247986
2020/10/15,0.8793098330497742
2022/07/20,0.6112275123596191
2024/09/11,0.9130826592445374
2023/07/20,0.5466498732566833
2024/10/31,0.01778661645948887
2021/08/27,-0.7673461437225342
2023/09/01,-0.21885091066360474
2022/12/29,0.876832127571106
2022/09/06,0.14229583740234375
2024/02/06,0.19745317101478577
2021/10/13,-0.4148998558521271
2020/11/11,-0.028008848428726196
2020/10/02,-0.2639141380786896
2024/01/21,0.8868976831436157
2024/01/19,0.828485906124115
2020/01/08,0.09078621119260788
2020/02/12,0.8954455256462097
2021/10/01,0.8861849308013916
2020/08/10,0.7952430248260498
2022/02/03,0.23352724313735962
2020/07/04,-0.06308236718177795
2023/11/09,-0.46932703256607056
2024/06/17,0.8758395314216614
2022/07/15,0.8165895342826843
2020/11/06,-0.5465149879455566
2022/07/04,0.7384496927261353
2022/10/21,0.9204753637313843
2024/09/06,0.5759886503219604
2021/07/17,0.8168780207633972
2023/02/13,0.8656257390975952
2020/01/16,0.09038469195365906
2023/07/02,0.24542851746082306
2020/07/21,0.15470609068870544
2024/06/05,-0.6794331073760986
2022/11/12,0.8741019368171692
2024/01/29,0.7497947216033936
2023/02/15,0.9003552198410034
2024/06/15,0.7722777128219604
2023/02/08,0.8129177093505859
2023/06/02,0.4913129210472107
2024/06/09,-0.7186580896377563
2021/06/21,0.4734856188297272
2023/12/14,0.017518609762191772
2022/03/08,0.7077398300170898
2024/12/19,0.07524343580007553
2024/03/04,-0.09278100728988647
2024/05/30,0.09635576605796814
2023/04/03,-0.3758838176727295
2022/10/17,-0.5571475625038147
2023/09/14,0.7676618099212646
2020/08/29,0.8752146363258362
2024/06/18,-0.8135156035423279
2020/10/08,0.7801094055175781
2023/05/04,0.7725348472595215
2024/12/09,-0.8229649066925049
2021/03/04,0.7451038956642151
2022/09/27,0.8213874697685242
2020/06/19,0.7981122732162476
2020/12/03,-0.8939210176467896
2024/08/29,0.006960688158869743
2023/08/28,0.877800703048706
2023/01/08,0.11113213747739792
2020/10/25,0.47389352321624756
2023/11/22,-0.010616987943649292
2024/03/05,-0.014574557542800903
2024/05/29,0.32225874066352844
2022/07/26,0.10080595314502716
2024/07/22,-0.9092092514038086
2020/02/29,-0.7407801747322083
2022/02/04,0.01037287712097168
2024/03/08,0.9264485239982605
2023/10/27,0.5906125903129578
2024/03/28,0.8067102432250977
2020/11/12,0.10932525992393494
2024/03/21,0.31710904836654663
2023/05/01,0.8954034447669983
2020/04/06,0.8260773420333862
2023/08/14,0.7131921052932739
2023/10/31,0.24406033754348755
2023/12/13,0.8863051533699036
2024/02/26,0.6723746061325073
2022/08/29,0.21118050813674927
2020/07/15,0.8879876136779785
2021/12/22,0.0016469471156597137
2023/11/06,-0.7664170265197754
2020/04/11,0.40054455399513245
2020/12/26,0.8751643300056458
2023/03/29,0.892981767654419
2022/02/16,-0.7340548038482666
2023/11/08,0.8574308753013611
2020/08/30,0.6263899803161621
2022/05/07,0.361799955368042
2021/01/07,0.7478837966918945
2021/05/02,0.8784639835357666
2022/01/26,0.6715115308761597
2020/09/04,-0.008590102195739746
2020/01/18,-0.9207370281219482
2023/04/21,-0.9298095107078552
2021/06/30,0.2626373767852783
2024/11/14,0.7734793424606323
2020/08/31,0.022932667285203934
2022/05/08,-0.7658609747886658
2023/11/01,0.8235592842102051
2022/09/01,0.6868079900741577
2022/03/04,0.806580126285553
2023/11/21,-0.3547809422016144
2023/01/20,-0.7121269702911377
2024/03/11,-0.7935747504234314
2021/06/28,0.7733133435249329
2024/04/22,0.011467508971691132
2023/03/28,0.06635570526123047
2024/05/15,0.8146886229515076
2022/06/29,0.898136556148529
2022/02/12,0.457579106092453
2023/01/12,0.8441930413246155
2022/09/22,0.08695214986801147
2020/05/21,0.7068178057670593
2021/02/03,0.886573314666748
2022/04/27,-0.49470770359039307
2021/08/10,0.8443067669868469
2024/12/21,0.41194429993629456
2024/10/14,0.00666025560349226
2021/06/24,0.8538739085197449
2020/08/26,0.9064490795135498
2020/03/19,0.811890721321106
2023/05/16,-0.37413153052330017
2021/10/21,0.8873100876808167
2021/08/05,-0.7064996957778931
2023/11/03,0.7923362255096436
2022/07/23,-0.931363582611084
2023/03/01,0.903452455997467
2024/09/18,0.027485158294439316
2020/09/10,-0.275576651096344
2020/04/24,0.42412906885147095
2022/08/31,-0.12561044096946716
2023/06/30,0.3454185426235199
2022/02/24,0.2824953496456146
2021/09/03,0.17178654670715332
2022/04/28,0.8084696531295776
2023/10/12,-0.44285494089126587
2023/12/06,-0.9056596159934998
2024/08/28,0.8632921576499939
2020/03/24,0.5598194599151611
2020/02/24,0.8732705116271973
2024/02/28,0.6951492428779602
2020/12/04,0.743756115436554
2021/05/21,0.6436887383460999
2020/07/16,0.8114730715751648
2020/12/15,0.8225641250610352
2024/12/03,0.027774926275014877
2021/01/26,0.020684106275439262
2021/03/29,0.04369799420237541
2021/07/07,-0.07297465205192566
2022/11/21,0.8721259832382202
2021/09/08,-0.7294540405273438
2024/02/13,-0.7360476851463318
2024/09/13,0.854828953742981
2024/06/26,-0.8200457692146301
2022/02/14,0.05469253286719322
2024/12/30,0.8901264071464539
2020/10/05,-0.09482824802398682
2022/06/30,0.55367112159729
2020/03/12,0.8897038102149963
2023/02/20,0.8713814616203308
2024/12/29,-0.6070243716239929
2022/06/13,0.03507579118013382
2024/02/24,0.7170761227607727
2020/11/03,0.7367804646492004
2020/05/08,0.9099473357200623
2024/11/26,-0.9129987955093384
2022/02/27,0.8335794806480408
2024/03/10,0.26015910506248474
2021/12/30,0.8873584270477295
2023/05/03,0.7385121583938599
2021/02/04,0.6700670719146729
2022/02/05,0.708422064781189
2020/04/22,0.8487942814826965
2020/10/01,0.11694392561912537
2020/04/27,0.7000236511230469
2023/02/24,0.16122183203697205
2021/06/25,0.4992572069168091
2024/06/04,0.005663933232426643
2024/06/28,0.9092538952827454
2024/02/09,0.6530531644821167
2022/09/13,0.8376736044883728
2021/05/25,0.7693021893501282
2024/05/28,-0.6647502183914185
2022/11/23,0.7543622255325317
2020/05/23,0.7855243682861328
2022/02/17,-0.5288775563240051
2023/07/21,-0.793537974357605
2020/07/20,0.8618839979171753
2022/11/11,-0.7471815347671509
2024/05/10,-0.9111939072608948
2021/07/06,0.8821674585342407
2020/10/26,0.01683303341269493
2021/11/08,0.8949753046035767
2021/10/12,0.6413291096687317
2024/02/23,0.6990770101547241
2024/05/23,0.7602924704551697
2020/11/19,0.7883121967315674
2021/11/24,0.5874717831611633
2022/12/16,0.8582773208618164
2022/01/09,0.7915059924125671
2021/09/06,0.700568675994873
2021/10/20,0.4065646529197693
2022/03/03,-0.6438596248626709
2023/02/10,-0.04770594835281372
2022/05/12,-0.21630659699440002
2024/05/16,0.005555272102355957
2023/05/08,0.9117087125778198
2020/06/17,0.6291149258613586
2024/10/20,0.1669011116027832
2023/01/13,0.7498856782913208
2021/01/04,0.8642790913581848
2020/10/14,-0.16013970971107483
2020/07/09,0.5465136766433716
2022/01/31,0.5953115224838257
2020/12/16,0.8968859910964966
2021/12/02,0.8211113214492798
2024/07/06,0.11573445796966553
2020/06/12,0.755372166633606
2020/06/18,0.8367538452148438
2023/09/03,0.549626886844635
2020/04/03,0.854962170124054
2022/02/25,0.7361146807670593
2023/08/29,0.7401334047317505
2021/11/05,0.13769833743572235
2022/11/14,0.8510745763778687
2023/06/23,0.6359605193138123
2020/12/18,0.8357155323028564
2024/11/29,-0.1938704252243042
2021/07/02,-0.296917587518692
2024/01/11,0.8787533044815063
2021/11/03,0.2702762484550476
2021/10/04,0.7779926061630249
2024/02/29,0.6554005146026611
2022/08/04,-0.8329575061798096
2021/06/13,0.7526817321777344
2020/09/12,0.7776915431022644
2022/06/28,0.6524174809455872
2022/11/24,0.8959868550300598
2020/06/27,0.8419117331504822
2022/04/20,0.010623802430927753
2024/01/22,0.1260301172733307
2020/08/13,-0.3791455626487732
2020/10/31,-0.9237784743309021
2022/04/04,0.6388704180717468
2022/10/03,0.1007341742515564
2024/02/21,0.7597624063491821
2020/05/18,0.004763590171933174
2024/06/16,0.3561462163925171
2024/12/23,-0.7638626098632812
2022/10/06,0.39173492789268494
2022/03/15,0.7987034916877747
2023/10/23,0.8586418628692627
2021/03/18,0.3872052729129791
2023/05/10,0.9052144885063171
2024/07/18,-0.9002304077148438
2021/06/03,0.0860377624630928
2021/11/06,0.7293925285339355
2023/06/07,0.8300737142562866
2020/07/22,-0.36836129426956177
2022/02/06,0.8451281189918518
2023/10/04,0.3641326129436493
2021/01/21,0.16265615820884705
2021/02/23,0.912447452545166
2022/05/19,0.41190391778945923
2023/10/06,0.8687021732330322
2022/04/30,0.4900209307670593
2020/06/04,0.8799757361412048
2023/03/24,0.9118022322654724
2020/10/19,0.7511864304542542
2024/05/27,-0.5723987817764282
2022/12/19,0.8136690855026245
2024/12/10,0.6064982414245605
2024/10/15,0.017661429941654205
2020/04/23,0.06886017322540283
2023/03/04,0.6806190609931946
2020/08/27,0.8949836492538452
2024/01/18,-0.8848692774772644
2020/12/08,0.8426032066345215
2021/03/27,0.9081749320030212
2022/05/09,-0.659605860710144
2020/11/05,0.8278833031654358
2021/09/02,0.8943345546722412
2020/07/12,-0.8184434771537781
2022/10/22,0.8967679738998413
2022/06/16,0.5338653326034546
2024/10/16,-0.6210663914680481
2023/05/23,0.13803435862064362
2023/05/14,0.9197705388069153
2022/06/20,0.02481263317167759
2024/03/07,0.9204145669937134
2022/03/20,0.8441644906997681
2023/08/08,0.005718924105167389
2022/01/11,-0.29182684421539307
2020/04/21,0.7941571474075317
2023/06/01,0.6831372380256653
2021/01/03,0.8866591453552246
2023/05/26,-0.7693939208984375
2023/01/04,0.8748276829719543
2021/04/28,0.8096460103988647
2020/09/29,0.9118086099624634
2022/07/14,0.6834072470664978
2020/06/21,0.6546850800514221
2024/12/06,0.01640983298420906
2022/07/29,-0.4484155476093292
2022/08/25,0.8210521340370178
2020/10/29,0.10398715734481812
2024/03/15,0.9035230278968811
2020/07/24,0.8387112021446228
2021/05/05,0.20003178715705872
2023/02/27,0.9022031426429749
2021/11/25,0.7222104072570801
2022/07/01,0.9017366170883179
2022/11/07,-0.7517828345298767
2024/06/13,-0.14507564902305603
2022/06/01,0.7784278988838196
2023/08/25,0.8954903483390808
2021/10/19,0.7079201340675354
2024/09/10,0.8255542516708374
2020/02/26,0.8637239336967468
2023/12/15,-0.025880157947540283
2023/09/26,0.10186426341533661
2024/10/23,0.01749478280544281
2022/05/18,-0.7539589405059814
2023/04/17,0.880386471748352
2021/03/12,0.6811099052429199
2024/11/19,0.6107368469238281
2024/03/26,0.4923909306526184
2020/03/05,0.8461667895317078
2023/12/17,0.5427848696708679
2021/08/04,0.033092714846134186
2023/11/23,0.8381924033164978
2023/01/24,-0.8136059641838074
2021/04/07,0.08058157563209534
2022/03/01,0.880060613155365
2020/07/23,0.5832182168960571
2020/08/20,0.7187395691871643
2023/01/03,0.6730279922485352
2024/12/04,0.7977075576782227
2021/10/11,0.5211688280105591
2023/07/28,0.1492365002632141
2024/04/10,-0.43254879117012024
2023/12/03,-0.04511347413063049
2021/12/07,0.8866066932678223
2022/03/21,0.14954227209091187
2022/01/15,0.8738220930099487
2021/10/06,0.6494651436805725
2020/02/28,-0.49665042757987976
2023/03/22,0.7535923719406128
2022/04/21,-0.9103660583496094
2023/01/27,-0.8701683282852173
2024/09/23,0.22220367193222046
2020/10/30,0.8765755891799927
2023/03/03,0.3777630925178528
2023/08/06,0.2385028898715973
2022/08/23,-0.782653272151947
2020/02/04,0.7036741971969604
2022/03/09,0.8367772102355957
2021/06/18,-0.7042455673217773
2021/04/22,-0.8719365000724792
2020/11/15,0.8032209277153015
2023/02/11,0.36284756660461426
2024/07/20,0.01113287452608347
2023/07/15,0.8630867004394531
2022/04/24,0.6254285573959351
2020/05/20,0.8027061223983765
2022/12/11,0.03747443109750748
2021/07/27,0.259958416223526
2024/04/18,-0.7272501587867737
2022/12/22,0.8367723226547241
2024/12/18,0.9060109853744507
2024/08/20,0.05637900531291962
2023/01/05,-0.8550559282302856
2022/04/26,0.8046799898147583
2021/04/06,0.8950161933898926
2021/08/26,0.7165880799293518
2021/04/21,0.7289100885391235
2024/08/30,0.7238375544548035
2020/01/26,0.8258476853370667
2020/02/19,0.8296598792076111
2023/08/30,0.6679774522781372
2023/12/28,0.8936599493026733
2023/01/11,0.6700087785720825
2022/02/08,0.9125662446022034
2023/04/22,0.671951413154602
2023/10/10,0.8606559038162231
2022/12/28,0.8330260515213013
2022/11/06,0.7846055030822754
2021/01/14,0.32082483172416687
2021/05/07,0.7620989680290222
2024/08/21,0.9193158149719238
2020/06/08,0.7377811670303345
2022/02/26,0.6709389686584473
2022/05/21,0.8606254458427429
2024/04/23,-0.5639410018920898
2021/12/28,0.7736501097679138
2020/02/22,0.8843419551849365
2021/12/15,-0.6458020210266113
2021/01/22,0.13834232091903687
2021/01/06,0.9169885516166687
2022/09/02,0.8673338294029236
2020/12/21,0.6881105899810791
2023/01/16,-0.8199345469474792
2020/08/28,-0.010456293821334839
2024/06/24,0.8521285653114319
2024/09/05,0.7922087907791138
2024/11/30,0.01874825358390808
2023/02/16,0.14329737424850464
2020/09/27,0.7597300410270691
2024/11/25,-0.8761537671089172
2021/08/28,-0.38524797558784485
2022/03/25,0.839926540851593
2024/07/11,0.3940589725971222
2022/03/24,0.8464037775993347
2023/12/25,0.888050377368927
2020/11/23,-0.874359667301178
2023/09/12,-0.725684404373169
2021/04/24,0.8461114168167114
2022/10/19,0.8251621127128601
2021/02/26,-0.061021000146865845
2021/07/13,0.7096842527389526
2023/12/29,0.901479959487915
2022/03/06,0.6004400253295898
2022/12/20,0.8628255724906921
2021/07/21,0.915830135345459
2021/03/17,0.906624972820282
2020/11/02,0.31918826699256897
2021/09/16,0.1186729371547699
2020/09/14,0.2113705575466156
2020/06/03,0.14671406149864197
2023/12/04,0.5020860433578491
2022/11/22,-0.7129629850387573
2022/08/08,0.9022539854049683
2020/02/18,-0.04435381293296814
2024/04/25,0.7538942098617554
2020/01/03,-0.5538857579231262
2021/06/10,0.8035799264907837
2020/08/09,0.5868173241615295
2021/02/12,0.026842307299375534
2021/03/26,-0.6664799451828003
2023/04/24,-0.9223161935806274
2024/11/04,0.7863223552703857
2023/08/03,0.8685029745101929
2022/07/12,0.861850380897522
2022/09/25,-0.44918739795684814
2021/10/07,0.6187342405319214
2020/02/09,-0.7131191492080688
2021/05/13,0.8783699870109558
2023/03/31,0.6855263710021973
2024/12/12,0.5488570928573608
2022/09/17,0.8927967548370361
2020/04/16,0.7874223589897156
2020/10/09,0.8301410675048828
2020/05/04,-0.9143633246421814
2023/12/26,0.9153160452842712
2023/03/09,0.19774967432022095
2023/05/31,-0.379764199256897
2021/01/11,0.762172281742096
2021/11/30,0.7138522863388062
2020/04/26,0.8941440582275391
2020/09/30,0.7553855180740356
2020/12/20,0.008145909756422043
2024/11/24,-0.5414438843727112
2024/01/02,-0.6075891256332397
2022/09/08,-0.677206814289093
2022/11/04,0.9210385084152222
2022/08/11,0.7865450382232666
2024/02/08,-0.05140352249145508
2022/05/01,0.8843628168106079
2021/08/17,-0.9127720594406128
2021/08/09,0.8867189884185791
2022/03/07,0.6218542456626892
2020/09/25,0.8096067309379578
2024/01/20,0.07393106818199158
2020/07/28,0.8893831372261047
2021/02/08,0.34675464034080505
2024/09/14,0.9178570508956909
2021/02/28,0.29921954870224
2020/12/19,0.8058930039405823
2020/04/19,0.9025037884712219
2023/04/14,-0.7647411227226257
2020/08/21,0.8317959904670715
2022/12/02,-0.8927373886108398
2020/01/21,0.7304791212081909
2024/05/09,0.8959868550300598
2024/01/10,0.8729739189147949
2021/04/26,0.6216431856155396
2021/01/25,0.11354559659957886
2020/06/22,0.17684614658355713
2023/06/22,0.3374839723110199
2024/06/08,0.4336777925491333
2022/01/14,-0.6212460398674011
2020/03/11,0.47282153367996216
2022/01/10,0.9048553705215454
2020/01/02,0.06813446432352066
2023/09/02,0.8357923030853271
2023/03/30,0.26482662558555603
2024/12/15,0.8230569362640381
2024/07/05,0.3586063086986542
2020/02/27,0.8617857694625854
2023/06/18,-0.8958883881568909
2023/11/28,0.3532226085662842
2022/01/06,0.8056700825691223
2024/10/28,0.8923555612564087
2023/02/06,-0.10099521279335022
2020/05/12,0.8877318501472473
2024/09/30,0.871258556842804
2021/09/10,-0.07481595873832703
2023/06/13,0.3317166268825531
2020/05/01,0.6102514266967773
2020/05/24,0.817096471786499
2024/09/29,-0.8820036053657532
2021/03/15,0.8881309628486633
2023/12/02,0.7461256980895996
2022/08/09,-0.7505266666412354
2022/01/22,-0.9121659994125366
2022/11/25,0.823824405670166
2022/11/09,-0.13697591423988342
2023/07/25,0.6965506076812744
2023/03/15,0.8036566972732544
2020/12/24,0.8642610311508179
2024/06/21,-0.011478513479232788
2022/01/25,0.9256762862205505
2021/12/29,-0.5650829076766968
2021/10/14,0.3440546989440918
2020/10/21,0.7257825136184692
2022/10/07,-0.11249890923500061
2022/04/02,0.8171498775482178
2022/12/15,0.7659702897071838
2022/10/23,0.8982714414596558
2022/01/18,0.7005383372306824
2022/05/26,0.846956729888916
2023/02/09,-0.33746466040611267
2023/12/07,0.8360351324081421
2020/02/25,0.8856232166290283
2021/03/19,0.040488407015800476
2021/07/23,0.7531236410140991
2024/09/16,-0.44933363795280457
2021/05/10,-0.3960095942020416
2024/12/08,0.7850598692893982
2024/07/12,0.8412684202194214
2024/06/27,0.6655979156494141
2020/11/01,0.40712857246398926
2023/04/25,0.054891109466552734
2021/07/05,0.862797737121582
2021/02/25,-0.348468154668808
2024/07/04,0.8582192659378052
2022/01/03,0.581148087978363
2021/10/10,0.8072641491889954
2022/12/01,-0.6620267629623413
2021/12/13,0.5769926905632019
2020/12/22,-0.5127429366111755
2024/10/27,-0.040023934096097946
2024/05/01,0.6224536895751953
2022/02/15,-0.20182690024375916
2024/03/16,0.8935475945472717
2023/12/19,-0.6772353649139404
2022/05/06,0.9058154225349426
2020/08/25,0.9152523875236511
2024/09/08,0.013769160956144333
2020/06/23,-0.4647271931171417
2024/11/01,-0.6264065504074097
2022/09/10,0.8199897408485413
2022/09/16,0.3096994161605835
2021/04/08,0.790071427822113
2022/01/21,-0.8458536267280579
2020/01/17,0.8047726154327393
2020/08/14,0.8016812801361084
2023/06/28,0.41839131712913513
2022/02/09,0.7514702677726746
2024/05/06,0.8265053629875183
2022/05/10,0.84459388256073
2024/12/22,0.9048750400543213
2021/10/15,0.8568834066390991
2022/12/09,0.5177420377731323
2023/12/01,0.1390901803970337
2023/05/22,-0.1707838475704193
2022/10/18,-0.8905571103096008
2022/07/25,0.19604679942131042
2021/06/01,0.28400248289108276
2020/12/10,0.816199779510498
2020/12/25,0.421928733587265
2020/10/18,0.856229305267334
2022/05/31,-0.817186713218689
2020/02/16,0.8663319945335388
2024/03/02,-0.4588853120803833
2022/10/13,0.899201512336731
2020/08/01,0.9071735143661499
2020/08/07,0.44711410999298096
2022/01/13,-0.40574681758880615
2023/07/09,0.8722274303436279
2021/11/26,-0.4554426372051239
2024/07/23,0.016356710344552994
2023/06/20,-0.05013686418533325
2022/06/09,-0.01010364294052124
2023/05/09,-0.5299896001815796
2022/02/11,-0.4057347774505615
2024/05/24,0.18739548325538635
2020/08/18,0.831933856010437
2022/10/20,0.9038302302360535
2022/01/08,0.7439269423484802
2023/04/20,-0.8960115313529968
2022/11/03,-0.6122753620147705
2020/02/17,0.8817483186721802
2020/03/06,0.746170699596405
2020/08/12,-0.612094521522522
2021/11/28,-0.12430638074874878
2023/08/18,0.9134857058525085
2023/06/14,-0.583441436290741
2023/03/02,0.5838813781738281
2024/02/03,-0.8945615887641907
2021/11/09,0.15090037882328033
2021/08/03,0.3315565586090088
2022/07/06,-0.5830063223838806
2020/05/31,0.023676961660385132
2024/05/08,0.9046468734741211
2023/10/29,0.13266289234161377
2022/06/07,-0.8522717952728271
2024/11/28,0.8353590965270996
2020/05/27,0.919974684715271
2024/11/12,0.8333669900894165
2020/02/23,0.839818000793457
2023/02/01,0.8918200731277466
2021/08/16,0.721992015838623
2020/06/26,0.6959531307220459
2021/05/19,0.9248857498168945
2021/03/02,0.7022193670272827
2020/06/01,0.01764008402824402
2024/11/15,0.8692341446876526
2023/04/04,0.861039400100708
2022/11/08,-0.3712891638278961
2020/10/07,0.8065978288650513
2024/12/14,0.8212416768074036
2020/01/01,0.7063592672348022
2021/01/29,0.8275024890899658
2023/07/06,0.38680362701416016
2024/01/13,0.8505923748016357
2021/11/23,0.30652838945388794
2020/05/05,0.8877507448196411
2023/07/26,0.7747626304626465
2023/02/19,0.7997026443481445
2024/01/12,-0.4279796779155731
2024/08/19,-0.8966079950332642
2023/08/16,0.689143717288971
2020/06/20,0.8718799352645874
2021/07/18,0.8155564069747925
2020/12/29,0.420870840549469
2024/02/17,-0.6269099712371826
2020/09/23,-0.7138285040855408
2023/09/04,0.8748048543930054
2022/09/28,0.8952227234840393
2020/07/31,0.012225848622620106
2022/09/23,0.6654157638549805
2022/01/19,0.9013601541519165
2024/07/21,-0.9120276570320129
2024/09/24,0.9251909255981445
2023/01/30,-0.8825462460517883
2021/04/17,0.05275092273950577
2023/03/25,0.9111923575401306
2020/04/18,0.2758408188819885
2021/09/27,-0.19925019145011902
2020/11/16,-0.6142275333404541
2021/11/13,0.8633418679237366
2020/08/06,-0.3935181498527527
2024/01/05,-0.04375377297401428
2021/02/27,0.031887903809547424
2022/03/28,0.8082252144813538
2020/07/30,0.8851711750030518
2023/12/20,0.5355982780456543
2022/08/10,0.8587609529495239
2022/07/21,0.8795498609542847
2024/06/22,0.3571416735649109
2023/06/21,-0.8160797357559204
2022/06/04,-0.3147767186164856
2022/11/20,0.404476523399353
2021/03/01,0.6341920495033264
2022/08/16,-0.8276013135910034
2020/07/10,-0.646537184715271
2024/06/12,0.41686397790908813
2024/03/13,0.8746901750564575
2022/05/20,0.9109891057014465
2020/12/27,0.6863853335380554
2024/04/12,0.7199842929840088
2024/06/10,0.8976265788078308
2022/06/23,-0.15715211629867554
2022/12/05,0.8933678269386292
2022/12/12,-0.2937917411327362
2023/05/11,-0.4746142327785492
2020/06/29,0.8577314615249634
2022/07/22,-0.8088569641113281
2024/12/05,0.886334240436554
2020/04/28,-0.15229949355125427
2024/06/03,-0.04988262057304382
2024/11/11,0.06871549785137177
2023/08/09,-0.0867539793252945
2023/02/28,0.8057031631469727
2020/07/18,0.21071776747703552
2023/10/07,0.856486439704895
2021/12/21,0.7142006158828735
2024/04/20,-0.0017060646787285805
2020/03/30,0.8123499155044556
2022/12/07,0.8134443759918213
2024/09/17,0.8218229413032532
2023/09/24,0.7334824800491333
2021/07/29,0.8359573483467102
2024/11/13,0.7611912488937378
2023/11/07,-0.8297494649887085
2020/01/12,0.0473744161427021
2021/04/23,0.7575899958610535
2020/11/10,-0.7743304967880249
2021/08/24,0.30698028206825256
2024/09/27,0.646321177482605
2020/07/08,0.5806576013565063
2023/06/12,-0.6658458113670349
2020/04/29,0.8657419681549072
2021/02/20,0.7829393148422241
2020/05/25,0.8478938341140747
2021/03/03,0.8305254578590393
2024/01/17,0.9156981706619263
2020/11/25,0.8977511525154114
2023/10/28,-0.9240942001342773
2021/06/29,0.6475748419761658
2021/01/28,0.8232136964797974
2024/12/24,-0.6257726550102234
2023/05/20,-0.14272230863571167
2021/07/08,0.6590700149536133
2024/11/06,-0.9277595281600952
2020/05/26,0.7999967932701111
2021/10/02,0.8498750925064087
2020/07/01,-0.3937374949455261
2022/07/08,0.8430528044700623
2023/01/09,0.7148532271385193
2024/03/14,0.8460939526557922
2023/11/04,0.08767928183078766
2020/03/25,0.8165348172187805
2022/04/29,0.5486815571784973
2024/02/05,0.36556267738342285
2021/12/04,0.7441874742507935
2023/08/07,0.020406916737556458
2022/04/22,0.8385008573532104
2020/06/24,0.8372275829315186
2023/06/29,0.40610259771347046
2024/10/12,0.5853643417358398
2023/04/26,0.530376672744751
2022/10/16,0.01332144159823656
2020/05/07,0.7346011996269226
2021/08/14,0.8057848811149597
2020/12/02,0.819684624671936
2023/09/17,0.6662124395370483
2022/02/23,0.6481078863143921
2021/08/15,0.626717209815979
2024/03/29,0.8247777819633484
2022/12/14,0.853163480758667
2021/09/30,0.8284789323806763
2023/04/30,-0.3699367046356201
2021/11/01,0.5670191645622253
2023/09/16,0.9210496544837952
2022/07/27,-0.6359961032867432
2024/02/15,-0.3769815266132355
2020/11/20,0.8893406391143799
2021/10/16,0.8574283719062805
2020/02/06,-0.015378415584564209
2024/04/16,0.8696231842041016
2021/06/02,-0.8374063968658447
2023/07/10,0.7713816165924072
2022/06/03,0.5104694962501526
2020/08/02,0.7429168820381165
2020/03/23,-0.23047277331352234
2022/11/01,0.8062876462936401
2023/02/23,-0.2555416524410248
2021/03/05,0.8818478584289551
2021/11/19,-0.6884204745292664
2024/09/26,0.6493456363677979
2021/10/22,-0.8919782042503357
2024/09/20,0.7992163300514221
2021/08/25,-0.4850408136844635
2022/04/19,0.7829139232635498
2020/06/13,0.08468309044837952
2022/02/10,0.7376716136932373
2020/01/29,-0.7793776392936707
2024/11/07,0.016683539375662804
2020/12/23,-0.8477684259414673
2023/07/24,0.3255256712436676
2021/09/09,0.33622995018959045
2022/04/16,-0.3375718593597412
2023/11/20,0.7681714296340942
2024/11/08,0.011522605083882809
2022/11/15,0.03745192289352417
2024/05/31,0.8299912810325623
2023/08/12,0.9202619791030884
2020/01/19,0.7360517978668213
2024/05/22,-0.5538217425346375
2024/05/12,0.9321273565292358
2021/01/18,0.15558655560016632
2020/08/19,0.8178821802139282
2021/11/20,0.3125690519809723
2024/06/11,0.044676005840301514
2022/02/07,0.7887147068977356
2022/09/19,0.8455069661140442
2023/04/13,-0.5158129334449768
2022/06/02,-0.013658374547958374
2020/10/06,0.8959868550300598
2021/02/22,0.8887103796005249
2024/04/09,-0.6102374792098999
2022/03/16,0.6998468637466431
2023/09/06,0.8750922679901123
2022/09/12,-0.8088984489440918
2023/10/17,0.8518558144569397
2022/10/12,0.5768171548843384
2022/07/07,0.6206762790679932
2024/04/03,0.8662535548210144
2024/09/22,0.869239866733551
2024/12/27,0.03832877799868584
2022/01/04,0.7255594730377197
2022/11/29,0.8648973703384399
2021/01/23,-0.9263945817947388
2023/09/11,0.8516363501548767
2023/04/19,0.7111601829528809
2022/10/29,0.6562851667404175
2021/07/24,-0.9027479290962219
2020/05/17,0.8459275960922241
2022/06/15,0.8959868550300598
2020/11/18,0.8432245850563049
2021/02/09,0.8965544104576111
2024/04/26,-0.9248651266098022
2023/02/07,0.25126567482948303
2024/09/07,-0.4628799259662628
2020/12/30,-0.34035104513168335
2024/06/07,-0.6070123910903931
2024/07/09,-0.2925571799278259
2021/10/25,-0.7801851034164429
2020/12/17,0.825566291809082
2020/06/14,-0.3541404604911804
2021/12/11,0.6368632316589355
2023/03/14,0.8225145936012268
2022/11/05,0.9046789407730103
2022/10/01,0.21982568502426147
2022/06/22,-0.727213978767395
2021/01/17,0.854826033115387
2020/08/22,0.3480150103569031
2023/10/26,0.763424813747406
2021/10/24,-0.6237508058547974
2023/05/25,0.4703046381473541
2024/11/16,0.8778145909309387
2020/11/24,0.8656052947044373
2023/01/25,0.4850035607814789
2023/10/03,-0.5390784740447998
2021/02/21,0.7518795132637024
2021/04/13,0.7484791278839111
2021/09/05,-0.6423935294151306
2020/06/15,0.8734794855117798
2022/07/30,0.496971994638443
2023/08/02,-0.47955483198165894
2023/10/30,0.5305525064468384
2024/02/10,0.8612634539604187
2022/10/04,0.49799567461013794
2021/07/15,0.5922302007675171
2021/08/31,0.6989070773124695
2021/07/26,0.009596101939678192
2022/11/17,0.9334442019462585
2024/03/22,-0.5436394214630127
2021/09/28,0.8092787861824036
2024/04/21,0.8652917146682739
2020/04/02,0.40694302320480347
2021/08/06,-0.7275228500366211
2022/01/27,-0.3618911802768707
2023/03/10,-0.3817257583141327
2021/11/22,0.025110818445682526
2023/09/20,0.0212089866399765
2022/04/13,-0.34287747740745544
2023/11/02,0.3365976810455322
2021/08/23,0.9230602383613586
2024/05/11,0.5996737480163574
2021/05/29,0.7380634546279907
2022/09/21,0.8795409202575684
2023/09/30,-0.04667693376541138
2020/10/04,-0.6784476637840271
2021/05/01,-0.7331938147544861
2021/09/29,0.8448724150657654
2023/09/07,-0.7432172894477844
2020/09/05,0.7078704237937927
2024/12/11,0.7182415723800659
2022/04/12,0.004629015922546387
2021/05/08,0.75209641456604
2023/04/27,-0.7765621542930603
2024/05/17,0.7537693381309509
2022/04/18,-0.7823699116706848
2021/05/31,-0.894483745098114
2021/12/20,0.7459501028060913
2024/04/07,0.7890066504478455
2021/09/01,0.6783756613731384
2020/09/24,0.7458270788192749
2023/05/18,0.10708880424499512
2023/01/19,0.8780516386032104
2021/09/07,0.9112014174461365
2023/05/30,-0.35796868801116943
2024/06/19,-0.8918386101722717
2024/05/19,0.5927665829658508
2024/03/27,-0.4383128881454468
2021/08/19,0.09025178104639053
2021/11/02,0.6719602942466736
2020/07/02,0.8931604027748108
2023/10/21,0.8334226012229919
2022/10/28,0.5679939389228821
2022/09/04,0.7561144232749939
2020/09/08,-0.38348376750946045
2020/08/03,0.8256197571754456
2021/03/28,0.5300627946853638
2022/06/14,0.8841161727905273
2022/07/18,0.8752893805503845
2020/05/03,-0.6638298034667969
2022/08/13,-0.9133362770080566
2021/11/12,0.8212404847145081
2021/04/02,0.014026165008544922
2023/08/11,0.8594217896461487
2021/09/22,0.8788836002349854
2020/12/14,0.5010840892791748
2023/02/18,0.5951934456825256
2024/05/25,0.9155524373054504
2024/02/20,0.014779150485992432
2022/06/10,0.37270140647888184
2024/08/23,-0.752883791923523
2024/09/25,0.793986976146698
2024/12/25,-0.35008442401885986
2023/09/25,0.8590352535247803
2023/11/19,-0.8137082457542419
2022/01/12,0.888543426990509
2024/01/31,0.8419426083564758
2023/06/09,-0.2767895758152008
2021/02/05,0.5094512104988098
2021/07/30,0.6800327301025391
2024/07/29,-0.6779832243919373
2022/09/09,0.7203531861305237
2024/09/19,-0.9089246988296509
2020/02/14,0.8440795540809631
2021/04/20,-0.8753376007080078
2024/07/17,0.010912124998867512
2021/01/09,0.8902295231819153
2022/12/31,0.7949168682098389
2021/05/06,0.5965336561203003
2023/02/22,0.7703104019165039
2023/01/21,0.42444491386413574
2023/09/13,0.4974088668823242
2022/02/01,0.7728005647659302
2023/05/29,-0.6543585658073425
2023/06/25,0.858820915222168
2021/09/04,-0.9013694524765015
2024/01/26,0.7921674251556396
2022/09/03,0.907945990562439
2022/10/11,0.8742042183876038
2023/07/13,0.8328847289085388
2023/07/17,0.8762705326080322
2020/08/17,0.876929759979248
2021/03/24,0.6984714269638062
2022/08/15,0.768869936466217
2021/06/04,0.26152530312538147
2024/02/22,0.9011936783790588
2020/09/07,0.9110831022262573
2023/06/08,0.5438042879104614
2022/06/05,-0.6332228779792786
2023/12/08,0.8631483912467957
2022/08/02,0.5776394009590149
2021/12/12,0.8626645803451538
2022/03/17,0.05081431567668915
2022/04/15,0.7998640537261963
2023/07/08,0.833142876625061
2020/09/28,-0.0760185718536377
2020/12/31,0.8608111143112183
2022/01/23,0.6961656212806702
2023/01/17,0.6573853492736816
2024/10/26,0.843095064163208
2020/09/19,-0.8360109329223633
2023/03/27,-0.5913146734237671
2023/06/15,0.5057488679885864
2021/05/27,-0.8235166072845459
2023/06/19,-0.453201562166214
2020/02/01,0.6973580121994019
2022/05/02,0.7267158031463623
2024/11/22,-0.9272650480270386
2021/02/14,0.8638905882835388
2022/04/23,0.05116439238190651
2024/03/17,-0.8866334557533264
2024/01/23,-0.32322174310684204
2021/06/22,0.8285393714904785
2022/05/11,0.805415689945221
2023/10/13,0.03521159291267395
2022/02/18,-0.6995062232017517
2024/06/23,-0.8388649821281433
2024/11/27,0.016901804134249687
2022/05/25,-0.06093683838844299
2021/10/28,0.8753988146781921
2024/09/09,-0.1862945556640625
2023/05/24,0.16985434293746948
2024/10/21,-0.9124830365180969
2024/03/20,0.7339505553245544
2023/07/05,0.48448190093040466
2023/11/30,0.6156889200210571
2021/07/01,-0.44179853796958923
2023/11/16,0.8710523247718811
2020/04/10,-0.17948246002197266
2021/09/23,-0.6638102531433105
2022/01/24,0.7926080822944641
2023/05/02,0.23071077466011047
2021/02/17,-0.6605038046836853
2021/10/23,0.7406296133995056
2023/09/10,0.6416642665863037
2021/02/02,0.8959868550300598
2020/07/17,0.48429763317108154
2023/08/22,0.8914465308189392
2021/07/31,-0.06961327791213989
2020/10/20,0.7829793691635132
2022/11/19,0.7143818140029907
2021/05/04,-0.8680269718170166
2020/11/30,0.8152918219566345
2024/07/10,0.015689073130488396
2022/10/05,0.815277636051178
2024/01/16,-0.13929033279418945
2024/03/31,0.5855295658111572
2022/05/27,0.7438315749168396
2020/08/11,0.26131993532180786
2024/11/10,-0.9146487712860107
2023/07/31,0.8455008268356323
2021/08/20,0.8243734240531921
2022/10/10,0.044860318303108215
2020/12/07,0.5149917602539062
2022/07/24,0.864274263381958
2024/06/25,0.4570789933204651
2023/09/27,0.05314245820045471
2024/04/15,0.895900309085846
2022/04/03,-0.9171419739723206
2022/10/26,0.7144191861152649
2023/09/05,0.784744143486023
2023/09/18,-0.41680315136909485
2024/04/29,0.7571427822113037
2022/05/30,-0.12842871248722076
2021/04/15,0.8781088590621948
2023/08/04,0.8883116841316223
2023/04/02,0.8243868947029114
2023/04/15,0.8890293836593628
2021/07/14,0.9210181832313538
2021/12/14,0.6919668912887573
2024/11/18,0.3082164227962494
2022/03/02,-0.28729942440986633
2020/11/17,0.7683984041213989
2023/12/12,0.7998337745666504
2024/10/13,-0.7662768363952637
2022/08/20,0.8556574583053589
2024/11/17,0.8585419058799744
2024/12/20,0.8319767713546753
2022/10/14,0.7444213032722473
2021/01/15,-0.8817097544670105
2023/10/09,0.4098164737224579
2024/05/03,0.012379581108689308
2022/09/07,0.8947160840034485
2023/01/06,0.5070381164550781
2022/12/03,0.866379976272583
2022/02/13,0.021588027477264404
2024/01/30,0.6284711956977844
2020/04/20,0.7788802981376648
2023/01/23,0.8099125027656555
2023/07/12,0.763367772102356
2023/10/11,0.5939542055130005
2022/01/05,0.7302212715148926
2020/07/27,-0.5604779720306396
2023/07/11,0.4501555562019348
2020/06/09,0.7824140787124634
2021/01/02,0.056213438510894775
2020/07/14,0.8959868550300598
2022/07/05,0.8965550661087036
2022/08/27,0.03623201325535774
2020/09/22,0.7919096946716309
2023/08/10,0.9257065653800964
2023/03/13,0.7385274767875671
2022/04/05,0.9146093130111694
2020/07/25,0.7585306167602539
2021/10/05,-0.8031824827194214
2023/08/26,-0.633472204208374
2022/06/21,0.04839738458395004
2024/02/12,0.8156946301460266
2023/12/05,0.1744779646396637
2020/09/26,0.6818318963050842
2023/07/14,0.82673180103302
2021/09/13,0.8938730955123901
2020/12/28,-0.8517715334892273
2024/04/06,-0.4501168727874756
2024/10/18,-0.9298686981201172
2023/01/02,0.8496316075325012
2020/04/25,0.8058924078941345
2020/03/10,0.5734821557998657
2024/06/14,0.8329296112060547
2023/04/06,-0.8478152751922607
2020/12/12,0.8552296161651611
2024/07/15,-0.9218757748603821
2020/11/08,0.7897701859474182
2020/02/05,0.010421534068882465
2022/05/15,0.6020427346229553
2022/04/07,0.870557963848114
2023/10/16,-0.9024621248245239
2023/07/03,-0.06983873248100281
2020/07/11,0.9070433974266052
2024/12/28,0.8837915658950806
2023/09/22,-0.5991897583007812
2021/07/10,0.5652272701263428
2023/01/07,0.9311622381210327
2023/03/06,0.7869868874549866
2022/04/25,-0.0008063763380050659
2022/02/22,0.7738842368125916
2020/10/12,0.8390405178070068
2020/03/15,0.834567129611969
2023/09/15,-0.8504462242126465
2020/02/21,0.3207993507385254
2024/03/01,0.42281943559646606
2022/12/13,-0.3902907371520996
2022/08/01,-0.5851964950561523
2021/02/24,0.731652557849884
2020/06/30,0.9109950661659241
2023/02/21,0.1783733367919922
2021/03/13,-0.042858004570007324
2021/12/24,-0.7806069254875183
2023/11/10,0.9011653065681458
2020/05/22,0.7008090019226074
2023/05/19,0.09505322575569153
2022/11/28,-0.8780050277709961
2021/04/14,0.7210147380828857
2024/07/24,0.771727442741394
2024/08/27,0.8261058330535889
2023/01/31,0.5980883240699768
2021/07/12,-0.10146573185920715
2023/08/01,0.5893992185592651
2023/12/11,-0.2619938850402832
2021/07/28,0.8980589509010315
2020/03/01,0.75858473777771
2021/08/02,0.32429638504981995
2022/11/18,0.11217483878135681
2024/02/02,0.42356663942337036
2024/01/08,0.7161232829093933
2023/12/22,0.6609529256820679
2022/07/13,0.03215216100215912
2023/08/31,0.5978908538818359
2020/10/22,-0.856889545917511
2021/04/10,0.9184566140174866
2023/11/29,0.6843721866607666
2024/10/30,-0.9224474430084229
2024/12/02,0.6394092440605164
2024/12/16,0.04038091003894806
2023/12/30,0.7131767272949219
2023/09/19,0.5894766449928284
2020/09/03,0.8994849920272827
2023/02/12,0.8043509721755981
2020/02/10,-0.29776692390441895
2024/12/07,0.8477100729942322
2021/06/23,0.7284204959869385
2021/03/08,0.8419516682624817
2021/06/05,0.02519446611404419
2021/12/27,0.6980141997337341
2021/07/19,0.8322238922119141
2020/10/17,0.6987031698226929
2023/07/07,0.872072160243988
2023/10/19,0.8612946271896362
2020/12/09,0.9223875403404236
2023/10/05,0.47850027680397034
2023/11/17,-0.22262847423553467
2022/03/05,0.7396488189697266
2020/05/02,-0.9064059853553772
2022/10/31,0.12100166082382202
2020/01/13,0.7110464572906494
2021/10/27,0.8235706686973572
2021/10/31,0.8551005721092224
2020/07/03,0.8404525518417358
2023/12/27,0.8439330458641052
2023/03/23,0.8925918340682983
2021/10/09,0.7798038125038147
2021/05/26,0.8082714080810547
2021/03/07,0.738659679889679
2020/02/03,0.1370377540588379
2021/06/15,0.8427180647850037
2021/05/24,0.8780553340911865
2023/04/18,0.6392326951026917
2021/03/23,0.8574506044387817
2022/05/23,0.11699017882347107
2024/08/08,-0.3603247404098511
2020/08/05,0.7964553833007812
2023/03/20,-0.4466942846775055
2020/05/28,0.7973979115486145
2022/06/12,-0.04901772737503052
2021/07/20,0.7684212923049927
2023/09/21,0.8814032077789307
2024/07/25,0.7729804515838623
2022/02/20,0.465933620929718
2020/11/21,0.6691201329231262
2020/08/08,0.8911495208740234
2024/09/21,-0.4030205011367798
2020/06/06,0.7013600468635559
2022/01/30,-0.6597923636436462
2020/09/01,-0.6048998236656189
2020/01/09,0.6047842502593994
2024/12/26,0.8757091760635376
2020/03/31,0.874017059803009
2023/10/24,0.4255155622959137
2020/10/27,0.8635022044181824
2023/11/26,0.9076454043388367
2024/02/07,0.7313047051429749
2024/12/17,-0.7609168291091919
2023/12/10,0.6157910227775574
2022/05/29,0.79368656873703
2024/01/03,0.8702570199966431
2021/01/19,0.8938091993331909
2023/07/04,0.7791730165481567
2021/05/12,0.11445176601409912
2020/10/13,0.6151503920555115
2023/03/07,0.6537576913833618
2023/10/08,0.8396639227867126
2023/12/24,0.32064735889434814
2023/02/02,0.7943350672721863
2024/10/25,-0.06854599714279175
2022/08/24,0.11405584216117859
2022/04/14,0.779213547706604
2022/12/17,-0.25486934185028076
2021/04/29,0.880453884601593
2020/12/11,0.6448952555656433
2023/11/24,0.7544060945510864
2022/03/11,0.6472537517547607
2023/06/05,-0.8999036550521851
2021/01/24,0.9221084117889404
2023/08/23,0.7465119957923889
2024/01/04,0.8685115575790405
2024/05/14,0.4295172095298767
2024/09/15,-0.8461332321166992
2023/11/13,0.4197441637516022
2021/09/15,-0.8051596283912659
2022/03/30,0.8289713263511658
2020/01/06,0.8919106125831604
2021/03/22,0.7746511697769165
2021/04/01,-0.2614639401435852
2020/01/15,0.6367208361625671
2022/10/24,-0.45753902196884155
2024/02/27,0.9100453853607178
2022/11/10,0.758931040763855
2024/03/12,0.913111686706543
2020/03/04,0.8085943460464478
2023/06/06,0.9069220423698425
2021/04/25,-0.37479251623153687
2020/05/30,0.8806644082069397
2020/04/09,0.875169575214386
2020/10/10,0.025188609957695007
2024/03/25,0.9092041850090027
2020/11/27,0.8213778734207153
2020/01/24,0.603168249130249
2023/10/25,0.8124644756317139
2020/01/05,0.26884540915489197
2021/11/27,0.7699999809265137
2021/06/09,-0.3092958331108093
2022/11/27,-0.7859030365943909
2024/03/30,-0.5958274602890015
2022/12/10,-0.7632362246513367
2020/06/02,0.8551914095878601
2022/02/21,0.6671990752220154
2022/10/02,0.3979395627975464
2024/01/25,0.856830894947052
2024/07/03,0.856482207775116
2020/04/14,-0.24730223417282104
2022/08/28,0.805658221244812
2021/05/28,0.816231369972229
2022/07/03,0.9270188808441162
2022/10/08,0.7974249124526978
2022/11/02,-0.5002807378768921
2023/05/28,0.8181872963905334
2023/06/24,0.9017096161842346
2020/10/16,-0.7736145853996277
2022/09/26,0.881902813911438
2022/12/21,0.7162283658981323
2021/12/03,0.5142068266868591
2020/11/14,0.7794743776321411
2022/02/02,0.10875830054283142
2022/10/25,-0.575869083404541
2021/12/16,-0.749110996723175
2021/05/18,0.4668775796890259
2020/11/07,0.6074223518371582
2021/06/26,-0.5807453393936157
2021/10/08,-0.4333358705043793
2024/06/01,0.8798239231109619
2020/03/20,-0.7200998067855835
2020/01/07,0.8623864650726318
2020/01/31,0.761874258518219
2023/07/22,0.7808514833450317
2020/02/15,-0.6594464182853699
2022/05/13,-0.8723961710929871
2022/06/17,0.9057326316833496
2020/05/15,0.6749838590621948
2024/04/11,-0.005251497030258179
2021/12/18,0.21387584507465363
2021/01/12,0.8718163967132568
2024/04/08,-0.8395041227340698
2020/09/16,0.49337202310562134
2020/04/07,0.0038365861400961876
2020/06/16,0.15287083387374878
2021/12/08,-0.46839237213134766
2024/02/19,-0.8250908851623535
2021/12/10,-0.5051772594451904
2021/12/01,-0.4663607180118561
2020/07/29,0.22966289520263672
2023/04/28,0.8780985474586487
2022/03/29,0.7793495059013367
2021/03/25,0.8743960857391357
2024/04/19,-0.9260892271995544
2020/03/26,0.6538714170455933
2020/09/06,-0.5653558969497681
2022/12/18,0.653480589389801
2020/03/17,0.43822214007377625
2023/01/01,0.5943769812583923
2023/10/18,0.813502848148346
2022/10/09,0.32231655716896057
2021/06/06,0.7450032234191895
2022/05/04,-0.8595881462097168
2022/10/15,0.8734822869300842
2020/08/04,-0.03185129165649414
2020/03/02,0.8395283222198486
2020/01/30,0.8592503070831299
2020/03/16,0.09017640352249146
2021/12/05,0.032471783459186554
2022/04/10,0.5251601338386536
2023/01/28,0.4735390841960907
2024/05/02,0.7552250027656555
2021/04/27,0.8763045072555542
2023/11/14,0.8529968857765198
2023/03/16,0.05178642272949219
2020/05/19,-0.6630935668945312
2023/11/05,0.7212406992912292
2023/03/05,0.38596299290657043
2021/02/01,0.40171027183532715
2022/05/05,0.19266250729560852
2021/12/09,-0.8378904461860657
2020/09/13,0.8805683255195618
2023/05/12,0.5197619795799255
2024/01/15,-0.5448765158653259
2020/11/26,0.35796645283699036
2021/05/14,0.06813272833824158
2022/02/19,-0.5901310443878174
2024/07/26,0.003571590408682823
2023/11/12,0.8848112225532532
2020/11/22,0.8271236419677734
2020/12/01,0.8029027581214905
2022/09/18,0.7477532625198364
2020/02/20,0.8882056474685669
2024/08/24,0.9320080280303955
2023/11/27,0.7028210163116455
2022/01/29,0.2952074408531189
2020/01/25,0.6564934849739075
2020/04/13,0.9120486974716187
2020/12/13,0.6216648817062378
